id,name,category,supplier_id
1,product_1,General,2
2,product_2,General,3
3,product_3,General,4
4,product_4,Electronics,5
5,product_5,General,6
6,product_6,General,7
7,product_7,General,8
8,product_8,Electronics,9
9,product_9,General,10
10,product_10,General,11
11,product_11,General,12
12,product_12,Electronics,13
13,product_13,General,14
14,product_14,General,15
15,product_15,General,16
16,product_16,Electronics,17
17,product_17,General,18
18,product_18,General,19
19,product_19,General,20
20,product_20,Electronics,21
21,product_21,General,22
22,product_22,General,23
23,product_23,General,24
24,product_24,Electronics,25
25,product_25,General,26
26,product_26,General,27
27,product_27,General,28
28,product_28,Electronics,29
29,product_29,General,30
30,product_30,General,31
31,product_31,General,32
32,product_32,Electronics,33
33,product_33,General,34
34,product_34,General,35
35,product_35,General,36
36,product_36,Electronics,37
37,product_37,General,38
38,product_38,General,39
39,product_39,General,40
40,product_40,Electronics,41
41,product_41,General,42
42,product_42,General,43
43,product_43,General,44
44,product_44,Electronics,45
45,product_45,General,46
46,product_46,General,47
47,product_47,General,48
48,product_48,Electronics,49
49,product_49,General,50
50,product_50,General,51
51,product_51,General,52
52,product_52,Electronics,53
53,product_53,General,54
54,product_54,General,55
55,product_55,General,56
56,product_56,Electronics,57
57,product_57,General,58
58,product_58,General,59
59,product_59,General,60
60,product_60,Electronics,61
61,product_61,General,62
62,product_62,General,63
63,product_63,General,64
64,product_64,Electronics,65
65,product_65,General,66
66,product_66,General,67
67,product_67,General,68
68,product_68,Electronics,69
69,product_69,General,70
70,product_70,General,71
71,product_71,General,72
72,product_72,Electronics,73
73,product_73,General,74
74,product_74,General,75
75,product_75,General,76
76,product_76,Electronics,77
77,product_77,General,78
78,product_78,General,79
79,product_79,General,80
80,product_80,Electronics,81
81,product_81,General,82
82,product_82,General,83
83,product_83,General,84
84,product_84,Electronics,85
85,product_85,General,86
86,product_86,General,87
87,product_87,General,88
88,product_88,Electronics,89
89,product_89,General,90
90,product_90,General,1
91,product_91,General,2
92,product_92,Electronics,3
93,product_93,General,4
94,product_94,General,5
95,product_95,General,6
96,product_96,Electronics,7
97,product_97,General,8
98,product_98,General,9
99,product_99,General,10
100,product_100,Electronics,11
101,product_101,General,12
102,product_102,General,13
103,product_103,General,14
104,product_104,Electronics,15
105,product_105,General,16
106,product_106,General,17
107,product_107,General,18
108,product_108,Electronics,19
109,product_109,General,20
110,product_110,General,21
111,product_111,General,22
112,product_112,Electronics,23
113,product_113,General,24
114,product_114,General,25
115,product_115,General,26
116,product_116,Electronics,27
117,product_117,General,28
118,product_118,General,29
119,product_119,General,30
120,product_120,Electronics,31
121,product_121,General,32
122,product_122,General,33
123,product_123,General,34
124,product_124,Electronics,35
125,product_125,General,36
126,product_126,General,37
127,product_127,General,38
128,product_128,Electronics,39
129,product_129,General,40
130,product_130,General,41
131,product_131,General,42
132,product_132,Electronics,43
133,product_133,General,44
134,product_134,General,45
135,product_135,General,46
136,product_136,Electronics,47
137,product_137,General,48
138,product_138,General,49
139,product_139,General,50
140,product_140,Electronics,51
141,product_141,General,52
142,product_142,General,53
143,product_143,General,54
144,product_144,Electronics,55
145,product_145,General,56
146,product_146,General,57
147,product_147,General,58
148,product_148,Electronics,59
149,product_149,General,60
150,product_150,General,61
151,product_151,General,62
152,product_152,Electronics,63
153,product_153,General,64
154,product_154,General,65
155,product_155,General,66
156,product_156,Electronics,67
157,product_157,General,68
158,product_158,General,69
159,product_159,General,70
160,product_160,Electronics,71
161,product_161,General,72
162,product_162,General,73
163,product_163,General,74
164,product_164,Electronics,75
165,product_165,General,76
166,product_166,General,77
167,product_167,General,78
168,product_168,Electronics,79
169,product_169,General,80
170,product_170,General,81
171,product_171,General,82
172,product_172,Electronics,83
173,product_173,General,84
174,product_174,General,85
175,product_175,General,86
176,product_176,Electronics,87
177,product_177,General,88
178,product_178,General,89
179,product_179,General,90
180,product_180,Electronics,1
181,product_181,General,2
182,product_182,General,3
183,product_183,General,4
184,product_184,Electronics,5
185,product_185,General,6
186,product_186,General,7
187,product_187,General,8
188,product_188,Electronics,9
189,product_189,General,10
190,product_190,General,11
191,product_191,General,12
192,product_192,Electronics,13
193,product_193,General,14
194,product_194,General,15
195,product_195,General,16
196,product_196,Electronics,17
197,product_197,General,18
198,product_198,General,19
199,product_199,General,20
200,product_200,Electronics,21
201,product_201,General,22
202,product_202,General,23
203,product_203,General,24
204,product_204,Electronics,25
205,product_205,General,26
206,product_206,General,27
207,product_207,General,28
208,product_208,Electronics,29
209,product_209,General,30
210,product_210,General,31
211,product_211,General,32
212,product_212,Electronics,33
213,product_213,General,34
214,product_214,General,35
215,product_215,General,36
216,product_216,Electronics,37
217,product_217,General,38
218,product_218,General,39
219,product_219,General,40
220,product_220,Electronics,41
221,product_221,General,42
222,product_222,General,43
223,product_223,General,44
224,product_224,Electronics,45
225,product_225,General,46
226,product_226,General,47
227,product_227,General,48
228,product_228,Electronics,49
229,product_229,General,50
230,product_230,General,51
231,product_231,General,52
232,product_232,Electronics,53
233,product_233,General,54
234,product_234,General,55
235,product_235,General,56
236,product_236,Electronics,57
237,product_237,General,58
238,product_238,General,59
239,product_239,General,60
240,product_240,Electronics,61
241,product_241,General,62
242,product_242,General,63
243,product_243,General,64
244,product_244,Electronics,65
245,product_245,General,66
246,product_246,General,67
247,product_247,General,68
248,product_248,Electronics,69
249,product_249,General,70
250,product_250,General,71
251,product_251,General,72
252,product_252,Electronics,73
253,product_253,General,74
254,product_254,General,75
255,product_255,General,76
256,product_256,Electronics,77
257,product_257,General,78
258,product_258,General,79
259,product_259,General,80
260,product_260,Electronics,81
261,product_261,General,82
262,product_262,General,83
263,product_263,General,84
264,product_264,Electronics,85
265,product_265,General,86
266,product_266,General,87
267,product_267,General,88
268,product_268,Electronics,89
269,product_269,General,90
270,product_270,General,1
271,product_271,General,2
272,product_272,Electronics,3
273,product_273,General,4
274,product_274,General,5
275,product_275,General,6
276,product_276,Electronics,7
277,product_277,General,8
278,product_278,General,9
279,product_279,General,10
280,product_280,Electronics,11
281,product_281,General,12
282,product_282,General,13
283,product_283,General,14
284,product_284,Electronics,15
285,product_285,General,16
286,product_286,General,17
287,product_287,General,18
288,product_288,Electronics,19
289,product_289,General,20
290,product_290,General,21
291,product_291,General,22
292,product_292,Electronics,23
293,product_293,General,24
294,product_294,General,25
295,product_295,General,26
296,product_296,Electronics,27
297,product_297,General,28
298,product_298,General,29
299,product_299,General,30
300,product_300,Electronics,31
301,product_301,General,32
302,product_302,General,33
303,product_303,General,34
304,product_304,Electronics,35
305,product_305,General,36
306,product_306,General,37
307,product_307,General,38
308,product_308,Electronics,39
309,product_309,General,40
310,product_310,General,41
311,product_311,General,42
312,product_312,Electronics,43
313,product_313,General,44
314,product_314,General,45
315,product_315,General,46
316,product_316,Electronics,47
317,product_317,General,48
318,product_318,General,49
319,product_319,General,50
320,product_320,Electronics,51
321,product_321,General,52
322,product_322,General,53
323,product_323,General,54
324,product_324,Electronics,55
325,product_325,General,56
326,product_326,General,57
327,product_327,General,58
328,product_328,Electronics,59
329,product_329,General,60
330,product_330,General,61
331,product_331,General,62
332,product_332,Electronics,63
333,product_333,General,64
334,product_334,General,65
335,product_335,General,66
336,product_336,Electronics,67
337,product_337,General,68
338,product_338,General,69
339,product_339,General,70
340,product_340,Electronics,71
341,product_341,General,72
342,product_342,General,73
343,product_343,General,74
344,product_344,Electronics,75
345,product_345,General,76
346,product_346,General,77
347,product_347,General,78
348,product_348,Electronics,79
349,product_349,General,80
350,product_350,General,81
351,product_351,General,82
352,product_352,Electronics,83
353,product_353,General,84
354,product_354,General,85
355,product_355,General,86
356,product_356,Electronics,87
357,product_357,General,88
358,product_358,General,89
359,product_359,General,90
360,product_360,Electronics,1
361,product_361,General,2
362,product_362,General,3
363,product_363,General,4
364,product_364,Electronics,5
365,product_365,General,6
366,product_366,General,7
367,product_367,General,8
368,product_368,Electronics,9
369,product_369,General,10
370,product_370,General,11
371,product_371,General,12
372,product_372,Electronics,13
373,product_373,General,14
374,product_374,General,15
375,product_375,General,16
376,product_376,Electronics,17
377,product_377,General,18
378,product_378,General,19
379,product_379,General,20
380,product_380,Electronics,21
381,product_381,General,22
382,product_382,General,23
383,product_383,General,24
384,product_384,Electronics,25
385,product_385,General,26
386,product_386,General,27
387,product_387,General,28
388,product_388,Electronics,29
389,product_389,General,30
390,product_390,General,31
391,product_391,General,32
392,product_392,Electronics,33
393,product_393,General,34
394,product_394,General,35
395,product_395,General,36
396,product_396,Electronics,37
397,product_397,General,38
398,product_398,General,39
399,product_399,General,40
400,product_400,Electronics,41
401,product_401,General,42
402,product_402,General,43
403,product_403,General,44
404,product_404,Electronics,45
405,product_405,General,46
406,product_406,General,47
407,product_407,General,48
408,product_408,Electronics,49
409,product_409,General,50
410,product_410,General,51
411,product_411,General,52
412,product_412,Electronics,53
413,product_413,General,54
414,product_414,General,55
415,product_415,General,56
416,product_416,Electronics,57
417,product_417,General,58
418,product_418,General,59
419,product_419,General,60
420,product_420,Electronics,61
421,product_421,General,62
422,product_422,General,63
423,product_423,General,64
424,product_424,Electronics,65
425,product_425,General,66
426,product_426,General,67
427,product_427,General,68
428,product_428,Electronics,69
429,product_429,General,70
430,product_430,General,71
431,product_431,General,72
432,product_432,Electronics,73
433,product_433,General,74
434,product_434,General,75
435,product_435,General,76
436,product_436,Electronics,77
437,product_437,General,78
438,product_438,General,79
439,product_439,General,80
440,product_440,Electronics,81
441,product_441,General,82
442,product_442,General,83
443,product_443,General,84
444,product_444,Electronics,85
445,product_445,General,86
446,product_446,General,87
447,product_447,General,88
448,product_448,Electronics,89
449,product_449,General,90
450,product_450,General,1
451,product_451,General,2
452,product_452,Electronics,3
453,product_453,General,4
454,product_454,General,5
455,product_455,General,6
456,product_456,Electronics,7
457,product_457,General,8
458,product_458,General,9
459,product_459,General,10
460,product_460,Electronics,11
461,product_461,General,12
462,product_462,General,13
463,product_463,General,14
464,product_464,Electronics,15
465,product_465,General,16
466,product_466,General,17
467,product_467,General,18
468,product_468,Electronics,19
469,product_469,General,20
470,product_470,General,21
471,product_471,General,22
472,product_472,Electronics,23
473,product_473,General,24
474,product_474,General,25
475,product_475,General,26
476,product_476,Electronics,27
477,product_477,General,28
478,product_478,General,29
479,product_479,General,30
480,product_480,Electronics,31
481,product_481,General,32
482,product_482,General,33
483,product_483,General,34
484,product_484,Electronics,35
485,product_485,General,36
486,product_486,General,37
487,product_487,General,38
488,product_488,Electronics,39
489,product_489,General,40
490,product_490,General,41
491,product_491,General,42
492,product_492,Electronics,43
493,product_493,General,44
494,product_494,General,45
495,product_495,General,46
496,product_496,Electronics,47
497,product_497,General,48
498,product_498,General,49
499,product_499,General,50
500,product_500,Electronics,51
501,product_501,General,52
502,product_502,General,53
503,product_503,General,54
504,product_504,Electronics,55
505,product_505,General,56
506,product_506,General,57
507,product_507,General,58
508,product_508,Electronics,59
509,product_509,General,60
510,product_510,General,61
511,product_511,General,62
512,product_512,Electronics,63
513,product_513,General,64
514,product_514,General,65
515,product_515,General,66
516,product_516,Electronics,67
517,product_517,General,68
518,product_518,General,69
519,product_519,General,70
520,product_520,Electronics,71
521,product_521,General,72
522,product_522,General,73
523,product_523,General,74
524,product_524,Electronics,75
525,product_525,General,76
526,product_526,General,77
527,product_527,General,78
528,product_528,Electronics,79
529,product_529,General,80
530,product_530,General,81
531,product_531,General,82
532,product_532,Electronics,83
533,product_533,General,84
534,product_534,General,85
535,product_535,General,86
536,product_536,Electronics,87
537,product_537,General,88
538,product_538,General,89
539,product_539,General,90
540,product_540,Electronics,1
541,product_541,General,2
542,product_542,General,3
543,product_543,General,4
544,product_544,Electronics,5
545,product_545,General,6
546,product_546,General,7
547,product_547,General,8
548,product_548,Electronics,9
549,product_549,General,10
550,product_550,General,11
551,product_551,General,12
552,product_552,Electronics,13
553,product_553,General,14
554,product_554,General,15
555,product_555,General,16
556,product_556,Electronics,17
557,product_557,General,18
558,product_558,General,19
559,product_559,General,20
560,product_560,Electronics,21
561,product_561,General,22
562,product_562,General,23
563,product_563,General,24
564,product_564,Electronics,25
565,product_565,General,26
566,product_566,General,27
567,product_567,General,28
568,product_568,Electronics,29
569,product_569,General,30
570,product_570,General,31
571,product_571,General,32
572,product_572,Electronics,33
573,product_573,General,34
574,product_574,General,35
575,product_575,General,36
576,product_576,Electronics,37
577,product_577,General,38
578,product_578,General,39
579,product_579,General,40
580,product_580,Electronics,41
581,product_581,General,42
582,product_582,General,43
583,product_583,General,44
584,product_584,Electronics,45
585,product_585,General,46
586,product_586,General,47
587,product_587,General,48
588,product_588,Electronics,49
589,product_589,General,50
590,product_590,General,51
591,product_591,General,52
592,product_592,Electronics,53
593,product_593,General,54
594,product_594,General,55
595,product_595,General,56
596,product_596,Electronics,57
597,product_597,General,58
598,product_598,General,59
599,product_599,General,60
600,product_600,Electronics,61
601,product_601,General,62
602,product_602,General,63
603,product_603,General,64
604,product_604,Electronics,65
605,product_605,General,66
606,product_606,General,67
607,product_607,General,68
608,product_608,Electronics,69
609,product_609,General,70
610,product_610,General,71
611,product_611,General,72
612,product_612,Electronics,73
613,product_613,General,74
614,product_614,General,75
615,product_615,General,76
616,product_616,Electronics,77
617,product_617,General,78
618,product_618,General,79
619,product_619,General,80
620,product_620,Electronics,81
621,product_621,General,82
622,product_622,General,83
623,product_623,General,84
624,product_624,Electronics,85
625,product_625,General,86
626,product_626,General,87
627,product_627,General,88
628,product_628,Electronics,89
629,product_629,General,90
630,product_630,General,1
631,product_631,General,2
632,product_632,Electronics,3
633,product_633,General,4
634,product_634,General,5
635,product_635,General,6
636,product_636,Electronics,7
637,product_637,General,8
638,product_638,General,9
639,product_639,General,10
640,product_640,Electronics,11
641,product_641,General,12
642,product_642,General,13
643,product_643,General,14
644,product_644,Electronics,15
645,product_645,General,16
646,product_646,General,17
647,product_647,General,18
648,product_648,Electronics,19
649,product_649,General,20
650,product_650,General,21
651,product_651,General,22
652,product_652,Electronics,23
653,product_653,General,24
654,product_654,General,25
655,product_655,General,26
656,product_656,Electronics,27
657,product_657,General,28
658,product_658,General,29
659,product_659,General,30
660,product_660,Electronics,31
661,product_661,General,32
662,product_662,General,33
663,product_663,General,34
664,product_664,Electronics,35
665,product_665,General,36
666,product_666,General,37
667,product_667,General,38
668,product_668,Electronics,39
669,product_669,General,40
670,product_670,General,41
671,product_671,General,42
672,product_672,Electronics,43
673,product_673,General,44
674,product_674,General,45
675,product_675,General,46
676,product_676,Electronics,47
677,product_677,General,48
678,product_678,General,49
679,product_679,General,50
680,product_680,Electronics,51
681,product_681,General,52
682,product_682,General,53
683,product_683,General,54
684,product_684,Electronics,55
685,product_685,General,56
686,product_686,General,57
687,product_687,General,58
688,product_688,Electronics,59
689,product_689,General,60
690,product_690,General,61
691,product_691,General,62
692,product_692,Electronics,63
693,product_693,General,64
694,product_694,General,65
695,product_695,General,66
696,product_696,Electronics,67
697,product_697,General,68
698,product_698,General,69
699,product_699,General,70
700,product_700,Electronics,71
701,product_701,General,72
702,product_702,General,73
703,product_703,General,74
704,product_704,Electronics,75
705,product_705,General,76
706,product_706,General,77
707,product_707,General,78
708,product_708,Electronics,79
709,product_709,General,80
710,product_710,General,81
711,product_711,General,82
712,product_712,Electronics,83
713,product_713,General,84
714,product_714,General,85
715,product_715,General,86
716,product_716,Electronics,87
717,product_717,General,88
718,product_718,General,89
719,product_719,General,90
720,product_720,Electronics,1
721,product_721,General,2
722,product_722,General,3
723,product_723,General,4
724,product_724,Electronics,5
725,product_725,General,6
726,product_726,General,7
727,product_727,General,8
728,product_728,Electronics,9
729,product_729,General,10
730,product_730,General,11
731,product_731,General,12
732,product_732,Electronics,13
733,product_733,General,14
734,product_734,General,15
735,product_735,General,16
736,product_736,Electronics,17
737,product_737,General,18
738,product_738,General,19
739,product_739,General,20
740,product_740,Electronics,21
741,product_741,General,22
742,product_742,General,23
743,product_743,General,24
744,product_744,Electronics,25
745,product_745,General,26
746,product_746,General,27
747,product_747,General,28
748,product_748,Electronics,29
749,product_749,General,30
750,product_750,General,31
751,product_751,General,32
752,product_752,Electronics,33
753,product_753,General,34
754,product_754,General,35
755,product_755,General,36
756,product_756,Electronics,37
757,product_757,General,38
758,product_758,General,39
759,product_759,General,40
760,product_760,Electronics,41
761,product_761,General,42
762,product_762,General,43
763,product_763,General,44
764,product_764,Electronics,45
765,product_765,General,46
766,product_766,General,47
767,product_767,General,48
768,product_768,Electronics,49
769,product_769,General,50
770,product_770,General,51
771,product_771,General,52
772,product_772,Electronics,53
773,product_773,General,54
774,product_774,General,55
775,product_775,General,56
776,product_776,Electronics,57
777,product_777,General,58
778,product_778,General,59
779,product_779,General,60
780,product_780,Electronics,61
781,product_781,General,62
782,product_782,General,63
783,product_783,General,64
784,product_784,Electronics,65
785,product_785,General,66
786,product_786,General,67
787,product_787,General,68
788,product_788,Electronics,69
789,product_789,General,70
790,product_790,General,71
791,product_791,General,72
792,product_792,Electronics,73
793,product_793,General,74
794,product_794,General,75
795,product_795,General,76
796,product_796,Electronics,77
797,product_797,General,78
798,product_798,General,79
799,product_799,General,80
800,product_800,Electronics,81
801,product_801,General,82
802,product_802,General,83
803,product_803,General,84
804,product_804,Electronics,85
805,product_805,General,86
806,product_806,General,87
807,product_807,General,88
808,product_808,Electronics,89
809,product_809,General,90
810,product_810,General,1
811,product_811,General,2
812,product_812,Electronics,3
813,product_813,General,4
814,product_814,General,5
815,product_815,General,6
816,product_816,Electronics,7
817,product_817,General,8
818,product_818,General,9
819,product_819,General,10
820,product_820,Electronics,11
821,product_821,General,12
822,product_822,General,13
823,product_823,General,14
824,product_824,Electronics,15
825,product_825,General,16
826,product_826,General,17
827,product_827,General,18
828,product_828,Electronics,19
829,product_829,General,20
830,product_830,General,21
831,product_831,General,22
832,product_832,Electronics,23
833,product_833,General,24
834,product_834,General,25
835,product_835,General,26
836,product_836,Electronics,27
837,product_837,General,28
838,product_838,General,29
839,product_839,General,30
840,product_840,Electronics,31
841,product_841,General,32
842,product_842,General,33
843,product_843,General,34
844,product_844,Electronics,35
845,product_845,General,36
846,product_846,General,37
847,product_847,General,38
848,product_848,Electronics,39
849,product_849,General,40
850,product_850,General,41
851,product_851,General,42
852,product_852,Electronics,43
853,product_853,General,44
854,product_854,General,45
855,product_855,General,46
856,product_856,Electronics,47
857,product_857,General,48
858,product_858,General,49
859,product_859,General,50
860,product_860,Electronics,51
861,product_861,General,52
862,product_862,General,53
863,product_863,General,54
864,product_864,Electronics,55
865,product_865,General,56
866,product_866,General,57
867,product_867,General,58
868,product_868,Electronics,59
869,product_869,General,60
870,product_870,General,61
871,product_871,General,62
872,product_872,Electronics,63
873,product_873,General,64
874,product_874,General,65
875,product_875,General,66
876,product_876,Electronics,67
877,product_877,General,68
878,product_878,General,69
879,product_879,General,70
880,product_880,Electronics,71
881,product_881,General,72
882,product_882,General,73
883,product_883,General,74
884,product_884,Electronics,75
885,product_885,General,76
886,product_886,General,77
887,product_887,General,78
888,product_888,Electronics,79
889,product_889,General,80
890,product_890,General,81
891,product_891,General,82
892,product_892,Electronics,83
893,product_893,General,84
894,product_894,General,85
895,product_895,General,86
896,product_896,Electronics,87
897,product_897,General,88
898,product_898,General,89
899,product_899,General,90
900,product_900,Electronics,1
901,product_901,General,2
902,product_902,General,3
903,product_903,General,4
904,product_904,Electronics,5
905,product_905,General,6
906,product_906,General,7
907,product_907,General,8
908,product_908,Electronics,9
909,product_909,General,10
910,product_910,General,11
911,product_911,General,12
912,product_912,Electronics,13
913,product_913,General,14
914,product_914,General,15
915,product_915,General,16
916,product_916,Electronics,17
917,product_917,General,18
918,product_918,General,19
919,product_919,General,20
920,product_920,Electronics,21
921,product_921,General,22
922,product_922,General,23
923,product_923,General,24
924,product_924,Electronics,25
925,product_925,General,26
926,product_926,General,27
927,product_927,General,28
928,product_928,Electronics,29
929,product_929,General,30
930,product_930,General,31
931,product_931,General,32
932,product_932,Electronics,33
933,product_933,General,34
934,product_934,General,35
935,product_935,General,36
936,product_936,Electronics,37
937,product_937,General,38
938,product_938,General,39
939,product_939,General,40
940,product_940,Electronics,41
941,product_941,General,42
942,product_942,General,43
943,product_943,General,44
944,product_944,Electronics,45
945,product_945,General,46
946,product_946,General,47
947,product_947,General,48
948,product_948,Electronics,49
949,product_949,General,50
950,product_950,General,51
951,product_951,General,52
952,product_952,Electronics,53
953,product_953,General,54
954,product_954,General,55
955,product_955,General,56
956,product_956,Electronics,57
957,product_957,General,58
958,product_958,General,59
959,product_959,General,60
960,product_960,Electronics,61
961,product_961,General,62
962,product_962,General,63
963,product_963,General,64
964,product_964,Electronics,65
965,product_965,General,66
966,product_966,General,67
967,product_967,General,68
968,product_968,Electronics,69
969,product_969,General,70
970,product_970,General,71
971,product_971,General,72
972,product_972,Electronics,73
973,product_973,General,74
974,product_974,General,75
975,product_975,General,76
976,product_976,Electronics,77
977,product_977,General,78
978,product_978,General,79
979,product_979,General,80
980,product_980,Electronics,81
981,product_981,General,82
982,product_982,General,83
983,product_983,General,84
984,product_984,Electronics,85
985,product_985,General,86
986,product_986,General,87
987,product_987,General,88
988,product_988,Electronics,89
989,product_989,General,90
990,product_990,General,1
991,product_991,General,2
992,product_992,Electronics,3
993,product_993,General,4
994,product_994,General,5
995,product_995,General,6
996,product_996,Electronics,7
997,product_997,General,8
998,product_998,General,9
999,product_999,General,10
1000,product_1000,Electronics,11
1001,product_1001,General,12
1002,product_1002,General,13
1003,product_1003,General,14
1004,product_1004,Electronics,15
1005,product_1005,General,16
1006,product_1006,General,17
1007,product_1007,General,18
1008,product_1008,Electronics,19
1009,product_1009,General,20
1010,product_1010,General,21
1011,product_1011,General,22
1012,product_1012,Electronics,23
1013,product_1013,General,24
1014,product_1014,General,25
1015,product_1015,General,26
1016,product_1016,Electronics,27
1017,product_1017,General,28
1018,product_1018,General,29
1019,product_1019,General,30
1020,product_1020,Electronics,31
1021,product_1021,General,32
1022,product_1022,General,33
1023,product_1023,General,34
1024,product_1024,Electronics,35
1025,product_1025,General,36
1026,product_1026,General,37
1027,product_1027,General,38
1028,product_1028,Electronics,39
1029,product_1029,General,40
1030,product_1030,General,41
1031,product_1031,General,42
1032,product_1032,Electronics,43
1033,product_1033,General,44
1034,product_1034,General,45
1035,product_1035,General,46
1036,product_1036,Electronics,47
1037,product_1037,General,48
1038,product_1038,General,49
1039,product_1039,General,50
1040,product_1040,Electronics,51
1041,product_1041,General,52
1042,product_1042,General,53
1043,product_1043,General,54
1044,product_1044,Electronics,55
1045,product_1045,General,56
1046,product_1046,General,57
1047,product_1047,General,58
1048,product_1048,Electronics,59
1049,product_1049,General,60
1050,product_1050,General,61
1051,product_1051,General,62
1052,product_1052,Electronics,63
1053,product_1053,General,64
1054,product_1054,General,65
1055,product_1055,General,66
1056,product_1056,Electronics,67
1057,product_1057,General,68
1058,product_1058,General,69
1059,product_1059,General,70
1060,product_1060,Electronics,71
1061,product_1061,General,72
1062,product_1062,General,73
1063,product_1063,General,74
1064,product_1064,Electronics,75
1065,product_1065,General,76
1066,product_1066,General,77
1067,product_1067,General,78
1068,product_1068,Electronics,79
1069,product_1069,General,80
1070,product_1070,General,81
1071,product_1071,General,82
1072,product_1072,Electronics,83
1073,product_1073,General,84
1074,product_1074,General,85
1075,product_1075,General,86
1076,product_1076,Electronics,87
1077,product_1077,General,88
1078,product_1078,General,89
1079,product_1079,General,90
1080,product_1080,Electronics,1
1081,product_1081,General,2
1082,product_1082,General,3
1083,product_1083,General,4
1084,product_1084,Electronics,5
1085,product_1085,General,6
1086,product_1086,General,7
1087,product_1087,General,8
1088,product_1088,Electronics,9
1089,product_1089,General,10
1090,product_1090,General,11
1091,product_1091,General,12
1092,product_1092,Electronics,13
1093,product_1093,General,14
1094,product_1094,General,15
1095,product_1095,General,16
1096,product_1096,Electronics,17
1097,product_1097,General,18
1098,product_1098,General,19
1099,product_1099,General,20
1100,product_1100,Electronics,21
1101,product_1101,General,22
1102,product_1102,General,23
1103,product_1103,General,24
1104,product_1104,Electronics,25
1105,product_1105,General,26
1106,product_1106,General,27
1107,product_1107,General,28
1108,product_1108,Electronics,29
1109,product_1109,General,30
1110,product_1110,General,31
1111,product_1111,General,32
1112,product_1112,Electronics,33
1113,product_1113,General,34
1114,product_1114,General,35
1115,product_1115,General,36
1116,product_1116,Electronics,37
1117,product_1117,General,38
1118,product_1118,General,39
1119,product_1119,General,40
1120,product_1120,Electronics,41
1121,product_1121,General,42
1122,product_1122,General,43
1123,product_1123,General,44
1124,product_1124,Electronics,45
1125,product_1125,General,46
1126,product_1126,General,47
1127,product_1127,General,48
1128,product_1128,Electronics,49
1129,product_1129,General,50
1130,product_1130,General,51
1131,product_1131,General,52
1132,product_1132,Electronics,53
1133,product_1133,General,54
1134,product_1134,General,55
1135,product_1135,General,56
1136,product_1136,Electronics,57
1137,product_1137,General,58
1138,product_1138,General,59
1139,product_1139,General,60
1140,product_1140,Electronics,61
1141,product_1141,General,62
1142,product_1142,General,63
1143,product_1143,General,64
1144,product_1144,Electronics,65
1145,product_1145,General,66
1146,product_1146,General,67
1147,product_1147,General,68
1148,product_1148,Electronics,69
1149,product_1149,General,70
1150,product_1150,General,71
1151,product_1151,General,72
1152,product_1152,Electronics,73
1153,product_1153,General,74
1154,product_1154,General,75
1155,product_1155,General,76
1156,product_1156,Electronics,77
1157,product_1157,General,78
1158,product_1158,General,79
1159,product_1159,General,80
1160,product_1160,Electronics,81
1161,product_1161,General,82
1162,product_1162,General,83
1163,product_1163,General,84
1164,product_1164,Electronics,85
1165,product_1165,General,86
1166,product_1166,General,87
1167,product_1167,General,88
1168,product_1168,Electronics,89
1169,product_1169,General,90
1170,product_1170,General,1
1171,product_1171,General,2
1172,product_1172,Electronics,3
1173,product_1173,General,4
1174,product_1174,General,5
1175,product_1175,General,6
1176,product_1176,Electronics,7
1177,product_1177,General,8
1178,product_1178,General,9
1179,product_1179,General,10
1180,product_1180,Electronics,11
1181,product_1181,General,12
1182,product_1182,General,13
1183,product_1183,General,14
1184,product_1184,Electronics,15
1185,product_1185,General,16
1186,product_1186,General,17
1187,product_1187,General,18
1188,product_1188,Electronics,19
1189,product_1189,General,20
1190,product_1190,General,21
1191,product_1191,General,22
1192,product_1192,Electronics,23
1193,product_1193,General,24
1194,product_1194,General,25
1195,product_1195,General,26
1196,product_1196,Electronics,27
1197,product_1197,General,28
1198,product_1198,General,29
1199,product_1199,General,30
1200,product_1200,Electronics,31
1201,product_1201,General,32
1202,product_1202,General,33
1203,product_1203,General,34
1204,product_1204,Electronics,35
1205,product_1205,General,36
1206,product_1206,General,37
1207,product_1207,General,38
1208,product_1208,Electronics,39
1209,product_1209,General,40
1210,product_1210,General,41
1211,product_1211,General,42
1212,product_1212,Electronics,43
1213,product_1213,General,44
1214,product_1214,General,45
1215,product_1215,General,46
1216,product_1216,Electronics,47
1217,product_1217,General,48
1218,product_1218,General,49
1219,product_1219,General,50
1220,product_1220,Electronics,51
1221,product_1221,General,52
1222,product_1222,General,53
1223,product_1223,General,54
1224,product_1224,Electronics,55
1225,product_1225,General,56
1226,product_1226,General,57
1227,product_1227,General,58
1228,product_1228,Electronics,59
1229,product_1229,General,60
1230,product_1230,General,61
1231,product_1231,General,62
1232,product_1232,Electronics,63
1233,product_1233,General,64
1234,product_1234,General,65
1235,product_1235,General,66
1236,product_1236,Electronics,67
1237,product_1237,General,68
1238,product_1238,General,69
1239,product_1239,General,70
1240,product_1240,Electronics,71
1241,product_1241,General,72
1242,product_1242,General,73
1243,product_1243,General,74
1244,product_1244,Electronics,75
1245,product_1245,General,76
1246,product_1246,General,77
1247,product_1247,General,78
1248,product_1248,Electronics,79
1249,product_1249,General,80
1250,product_1250,General,81
1251,product_1251,General,82
1252,product_1252,Electronics,83
1253,product_1253,General,84
1254,product_1254,General,85
1255,product_1255,General,86
1256,product_1256,Electronics,87
1257,product_1257,General,88
1258,product_1258,General,89
1259,product_1259,General,90
1260,product_1260,Electronics,1
1261,product_1261,General,2
1262,product_1262,General,3
1263,product_1263,General,4
1264,product_1264,Electronics,5
1265,product_1265,General,6
1266,product_1266,General,7
1267,product_1267,General,8
1268,product_1268,Electronics,9
1269,product_1269,General,10
1270,product_1270,General,11
1271,product_1271,General,12
1272,product_1272,Electronics,13
1273,product_1273,General,14
1274,product_1274,General,15
1275,product_1275,General,16
1276,product_1276,Electronics,17
1277,product_1277,General,18
1278,product_1278,General,19
1279,product_1279,General,20
1280,product_1280,Electronics,21
1281,product_1281,General,22
1282,product_1282,General,23
1283,product_1283,General,24
1284,product_1284,Electronics,25
1285,product_1285,General,26
1286,product_1286,General,27
1287,product_1287,General,28
1288,product_1288,Electronics,29
1289,product_1289,General,30
1290,product_1290,General,31
1291,product_1291,General,32
1292,product_1292,Electronics,33
1293,product_1293,General,34
1294,product_1294,General,35
1295,product_1295,General,36
1296,product_1296,Electronics,37
1297,product_1297,General,38
1298,product_1298,General,39
1299,product_1299,General,40
1300,product_1300,Electronics,41
1301,product_1301,General,42
1302,product_1302,General,43
1303,product_1303,General,44
1304,product_1304,Electronics,45
1305,product_1305,General,46
1306,product_1306,General,47
1307,product_1307,General,48
1308,product_1308,Electronics,49
1309,product_1309,General,50
1310,product_1310,General,51
1311,product_1311,General,52
1312,product_1312,Electronics,53
1313,product_1313,General,54
1314,product_1314,General,55
1315,product_1315,General,56
1316,product_1316,Electronics,57
1317,product_1317,General,58
1318,product_1318,General,59
1319,product_1319,General,60
1320,product_1320,Electronics,61
1321,product_1321,General,62
1322,product_1322,General,63
1323,product_1323,General,64
1324,product_1324,Electronics,65
1325,product_1325,General,66
1326,product_1326,General,67
1327,product_1327,General,68
1328,product_1328,Electronics,69
1329,product_1329,General,70
1330,product_1330,General,71
1331,product_1331,General,72
1332,product_1332,Electronics,73
1333,product_1333,General,74
1334,product_1334,General,75
1335,product_1335,General,76
1336,product_1336,Electronics,77
1337,product_1337,General,78
1338,product_1338,General,79
1339,product_1339,General,80
1340,product_1340,Electronics,81
1341,product_1341,General,82
1342,product_1342,General,83
1343,product_1343,General,84
1344,product_1344,Electronics,85
1345,product_1345,General,86
1346,product_1346,General,87
1347,product_1347,General,88
1348,product_1348,Electronics,89
1349,product_1349,General,90
1350,product_1350,General,1
1351,product_1351,General,2
1352,product_1352,Electronics,3
1353,product_1353,General,4
1354,product_1354,General,5
1355,product_1355,General,6
1356,product_1356,Electronics,7
1357,product_1357,General,8
1358,product_1358,General,9
1359,product_1359,General,10
1360,product_1360,Electronics,11
1361,product_1361,General,12
1362,product_1362,General,13
1363,product_1363,General,14
1364,product_1364,Electronics,15
1365,product_1365,General,16
1366,product_1366,General,17
1367,product_1367,General,18
1368,product_1368,Electronics,19
1369,product_1369,General,20
1370,product_1370,General,21
1371,product_1371,General,22
1372,product_1372,Electronics,23
1373,product_1373,General,24
1374,product_1374,General,25
1375,product_1375,General,26
1376,product_1376,Electronics,27
1377,product_1377,General,28
1378,product_1378,General,29
1379,product_1379,General,30
1380,product_1380,Electronics,31
1381,product_1381,General,32
1382,product_1382,General,33
1383,product_1383,General,34
1384,product_1384,Electronics,35
1385,product_1385,General,36
1386,product_1386,General,37
1387,product_1387,General,38
1388,product_1388,Electronics,39
1389,product_1389,General,40
1390,product_1390,General,41
1391,product_1391,General,42
1392,product_1392,Electronics,43
1393,product_1393,General,44
1394,product_1394,General,45
1395,product_1395,General,46
1396,product_1396,Electronics,47
1397,product_1397,General,48
1398,product_1398,General,49
1399,product_1399,General,50
1400,product_1400,Electronics,51
1401,product_1401,General,52
1402,product_1402,General,53
1403,product_1403,General,54
1404,product_1404,Electronics,55
1405,product_1405,General,56
1406,product_1406,General,57
1407,product_1407,General,58
1408,product_1408,Electronics,59
1409,product_1409,General,60
1410,product_1410,General,61
1411,product_1411,General,62
1412,product_1412,Electronics,63
1413,product_1413,General,64
1414,product_1414,General,65
1415,product_1415,General,66
1416,product_1416,Electronics,67
1417,product_1417,General,68
1418,product_1418,General,69
1419,product_1419,General,70
1420,product_1420,Electronics,71
1421,product_1421,General,72
1422,product_1422,General,73
1423,product_1423,General,74
1424,product_1424,Electronics,75
1425,product_1425,General,76
1426,product_1426,General,77
1427,product_1427,General,78
1428,product_1428,Electronics,79
1429,product_1429,General,80
1430,product_1430,General,81
1431,product_1431,General,82
1432,product_1432,Electronics,83
1433,product_1433,General,84
1434,product_1434,General,85
1435,product_1435,General,86
1436,product_1436,Electronics,87
1437,product_1437,General,88
1438,product_1438,General,89
1439,product_1439,General,90
1440,product_1440,Electronics,1
1441,product_1441,General,2
1442,product_1442,General,3
1443,product_1443,General,4
1444,product_1444,Electronics,5
1445,product_1445,General,6
1446,product_1446,General,7
1447,product_1447,General,8
1448,product_1448,Electronics,9
1449,product_1449,General,10
1450,product_1450,General,11
1451,product_1451,General,12
1452,product_1452,Electronics,13
1453,product_1453,General,14
1454,product_1454,General,15
1455,product_1455,General,16
1456,product_1456,Electronics,17
1457,product_1457,General,18
1458,product_1458,General,19
1459,product_1459,General,20
1460,product_1460,Electronics,21
1461,product_1461,General,22
1462,product_1462,General,23
1463,product_1463,General,24
1464,product_1464,Electronics,25
1465,product_1465,General,26
1466,product_1466,General,27
1467,product_1467,General,28
1468,product_1468,Electronics,29
1469,product_1469,General,30
1470,product_1470,General,31
1471,product_1471,General,32
1472,product_1472,Electronics,33
1473,product_1473,General,34
1474,product_1474,General,35
1475,product_1475,General,36
1476,product_1476,Electronics,37
1477,product_1477,General,38
1478,product_1478,General,39
1479,product_1479,General,40
1480,product_1480,Electronics,41
1481,product_1481,General,42
1482,product_1482,General,43
1483,product_1483,General,44
1484,product_1484,Electronics,45
1485,product_1485,General,46
1486,product_1486,General,47
1487,product_1487,General,48
1488,product_1488,Electronics,49
1489,product_1489,General,50
1490,product_1490,General,51
1491,product_1491,General,52
1492,product_1492,Electronics,53
1493,product_1493,General,54
1494,product_1494,General,55
1495,product_1495,General,56
1496,product_1496,Electronics,57
1497,product_1497,General,58
1498,product_1498,General,59
1499,product_1499,General,60
1500,product_1500,Electronics,61
1501,product_1501,General,62
1502,product_1502,General,63
1503,product_1503,General,64
1504,product_1504,Electronics,65
1505,product_1505,General,66
1506,product_1506,General,67
1507,product_1507,General,68
1508,product_1508,Electronics,69
1509,product_1509,General,70
1510,product_1510,General,71
1511,product_1511,General,72
1512,product_1512,Electronics,73
1513,product_1513,General,74
1514,product_1514,General,75
1515,product_1515,General,76
1516,product_1516,Electronics,77
1517,product_1517,General,78
1518,product_1518,General,79
1519,product_1519,General,80
1520,product_1520,Electronics,81
1521,product_1521,General,82
1522,product_1522,General,83
1523,product_1523,General,84
1524,product_1524,Electronics,85
1525,product_1525,General,86
1526,product_1526,General,87
1527,product_1527,General,88
1528,product_1528,Electronics,89
1529,product_1529,General,90
1530,product_1530,General,1
1531,product_1531,General,2
1532,product_1532,Electronics,3
1533,product_1533,General,4
1534,product_1534,General,5
1535,product_1535,General,6
1536,product_1536,Electronics,7
1537,product_1537,General,8
1538,product_1538,General,9
1539,product_1539,General,10
1540,product_1540,Electronics,11
1541,product_1541,General,12
1542,product_1542,General,13
1543,product_1543,General,14
1544,product_1544,Electronics,15
1545,product_1545,General,16
1546,product_1546,General,17
1547,product_1547,General,18
1548,product_1548,Electronics,19
1549,product_1549,General,20
1550,product_1550,General,21
1551,product_1551,General,22
1552,product_1552,Electronics,23
1553,product_1553,General,24
1554,product_1554,General,25
1555,product_1555,General,26
1556,product_1556,Electronics,27
1557,product_1557,General,28
1558,product_1558,General,29
1559,product_1559,General,30
1560,product_1560,Electronics,31
1561,product_1561,General,32
1562,product_1562,General,33
1563,product_1563,General,34
1564,product_1564,Electronics,35
1565,product_1565,General,36
1566,product_1566,General,37
1567,product_1567,General,38
1568,product_1568,Electronics,39
1569,product_1569,General,40
1570,product_1570,General,41
1571,product_1571,General,42
1572,product_1572,Electronics,43
1573,product_1573,General,44
1574,product_1574,General,45
1575,product_1575,General,46
1576,product_1576,Electronics,47
1577,product_1577,General,48
1578,product_1578,General,49
1579,product_1579,General,50
1580,product_1580,Electronics,51
1581,product_1581,General,52
1582,product_1582,General,53
1583,product_1583,General,54
1584,product_1584,Electronics,55
1585,product_1585,General,56
1586,product_1586,General,57
1587,product_1587,General,58
1588,product_1588,Electronics,59
1589,product_1589,General,60
1590,product_1590,General,61
1591,product_1591,General,62
1592,product_1592,Electronics,63
1593,product_1593,General,64
1594,product_1594,General,65
1595,product_1595,General,66
1596,product_1596,Electronics,67
1597,product_1597,General,68
1598,product_1598,General,69
1599,product_1599,General,70
1600,product_1600,Electronics,71
1601,product_1601,General,72
1602,product_1602,General,73
1603,product_1603,General,74
1604,product_1604,Electronics,75
1605,product_1605,General,76
1606,product_1606,General,77
1607,product_1607,General,78
1608,product_1608,Electronics,79
1609,product_1609,General,80
1610,product_1610,General,81
1611,product_1611,General,82
1612,product_1612,Electronics,83
1613,product_1613,General,84
1614,product_1614,General,85
1615,product_1615,General,86
1616,product_1616,Electronics,87
1617,product_1617,General,88
1618,product_1618,General,89
1619,product_1619,General,90
1620,product_1620,Electronics,1
1621,product_1621,General,2
1622,product_1622,General,3
1623,product_1623,General,4
1624,product_1624,Electronics,5
1625,product_1625,General,6
1626,product_1626,General,7
1627,product_1627,General,8
1628,product_1628,Electronics,9
1629,product_1629,General,10
1630,product_1630,General,11
1631,product_1631,General,12
1632,product_1632,Electronics,13
1633,product_1633,General,14
1634,product_1634,General,15
1635,product_1635,General,16
1636,product_1636,Electronics,17
1637,product_1637,General,18
1638,product_1638,General,19
1639,product_1639,General,20
1640,product_1640,Electronics,21
1641,product_1641,General,22
1642,product_1642,General,23
1643,product_1643,General,24
1644,product_1644,Electronics,25
1645,product_1645,General,26
1646,product_1646,General,27
1647,product_1647,General,28
1648,product_1648,Electronics,29
1649,product_1649,General,30
1650,product_1650,General,31
1651,product_1651,General,32
1652,product_1652,Electronics,33
1653,product_1653,General,34
1654,product_1654,General,35
1655,product_1655,General,36
1656,product_1656,Electronics,37
1657,product_1657,General,38
1658,product_1658,General,39
1659,product_1659,General,40
1660,product_1660,Electronics,41
1661,product_1661,General,42
1662,product_1662,General,43
1663,product_1663,General,44
1664,product_1664,Electronics,45
1665,product_1665,General,46
1666,product_1666,General,47
1667,product_1667,General,48
1668,product_1668,Electronics,49
1669,product_1669,General,50
1670,product_1670,General,51
1671,product_1671,General,52
1672,product_1672,Electronics,53
1673,product_1673,General,54
1674,product_1674,General,55
1675,product_1675,General,56
1676,product_1676,Electronics,57
1677,product_1677,General,58
1678,product_1678,General,59
1679,product_1679,General,60
1680,product_1680,Electronics,61
1681,product_1681,General,62
1682,product_1682,General,63
1683,product_1683,General,64
1684,product_1684,Electronics,65
1685,product_1685,General,66
1686,product_1686,General,67
1687,product_1687,General,68
1688,product_1688,Electronics,69
1689,product_1689,General,70
1690,product_1690,General,71
1691,product_1691,General,72
1692,product_1692,Electronics,73
1693,product_1693,General,74
1694,product_1694,General,75
1695,product_1695,General,76
1696,product_1696,Electronics,77
1697,product_1697,General,78
1698,product_1698,General,79
1699,product_1699,General,80
1700,product_1700,Electronics,81
1701,product_1701,General,82
1702,product_1702,General,83
1703,product_1703,General,84
1704,product_1704,Electronics,85
1705,product_1705,General,86
1706,product_1706,General,87
1707,product_1707,General,88
1708,product_1708,Electronics,89
1709,product_1709,General,90
1710,product_1710,General,1
1711,product_1711,General,2
1712,product_1712,Electronics,3
1713,product_1713,General,4
1714,product_1714,General,5
1715,product_1715,General,6
1716,product_1716,Electronics,7
1717,product_1717,General,8
1718,product_1718,General,9
1719,product_1719,General,10
1720,product_1720,Electronics,11
1721,product_1721,General,12
1722,product_1722,General,13
1723,product_1723,General,14
1724,product_1724,Electronics,15
1725,product_1725,General,16
1726,product_1726,General,17
1727,product_1727,General,18
1728,product_1728,Electronics,19
1729,product_1729,General,20
1730,product_1730,General,21
1731,product_1731,General,22
1732,product_1732,Electronics,23
1733,product_1733,General,24
1734,product_1734,General,25
1735,product_1735,General,26
1736,product_1736,Electronics,27
1737,product_1737,General,28
1738,product_1738,General,29
1739,product_1739,General,30
1740,product_1740,Electronics,31
1741,product_1741,General,32
1742,product_1742,General,33
1743,product_1743,General,34
1744,product_1744,Electronics,35
1745,product_1745,General,36
1746,product_1746,General,37
1747,product_1747,General,38
1748,product_1748,Electronics,39
1749,product_1749,General,40
1750,product_1750,General,41
1751,product_1751,General,42
1752,product_1752,Electronics,43
1753,product_1753,General,44
1754,product_1754,General,45
1755,product_1755,General,46
1756,product_1756,Electronics,47
1757,product_1757,General,48
1758,product_1758,General,49
1759,product_1759,General,50
1760,product_1760,Electronics,51
1761,product_1761,General,52
1762,product_1762,General,53
1763,product_1763,General,54
1764,product_1764,Electronics,55
1765,product_1765,General,56
1766,product_1766,General,57
1767,product_1767,General,58
1768,product_1768,Electronics,59
1769,product_1769,General,60
1770,product_1770,General,61
1771,product_1771,General,62
1772,product_1772,Electronics,63
1773,product_1773,General,64
1774,product_1774,General,65
1775,product_1775,General,66
1776,product_1776,Electronics,67
1777,product_1777,General,68
1778,product_1778,General,69
1779,product_1779,General,70
1780,product_1780,Electronics,71
1781,product_1781,General,72
1782,product_1782,General,73
1783,product_1783,General,74
1784,product_1784,Electronics,75
1785,product_1785,General,76
1786,product_1786,General,77
1787,product_1787,General,78
1788,product_1788,Electronics,79
1789,product_1789,General,80
1790,product_1790,General,81
1791,product_1791,General,82
1792,product_1792,Electronics,83
1793,product_1793,General,84
1794,product_1794,General,85
1795,product_1795,General,86
1796,product_1796,Electronics,87
1797,product_1797,General,88
1798,product_1798,General,89
1799,product_1799,General,90
1800,product_1800,Electronics,1
1801,product_1801,General,2
1802,product_1802,General,3
1803,product_1803,General,4
1804,product_1804,Electronics,5
1805,product_1805,General,6
1806,product_1806,General,7
1807,product_1807,General,8
1808,product_1808,Electronics,9
1809,product_1809,General,10
1810,product_1810,General,11
1811,product_1811,General,12
1812,product_1812,Electronics,13
1813,product_1813,General,14
1814,product_1814,General,15
1815,product_1815,General,16
1816,product_1816,Electronics,17
1817,product_1817,General,18
1818,product_1818,General,19
1819,product_1819,General,20
1820,product_1820,Electronics,21
1821,product_1821,General,22
1822,product_1822,General,23
1823,product_1823,General,24
1824,product_1824,Electronics,25
1825,product_1825,General,26
1826,product_1826,General,27
1827,product_1827,General,28
1828,product_1828,Electronics,29
1829,product_1829,General,30
1830,product_1830,General,31
1831,product_1831,General,32
1832,product_1832,Electronics,33
1833,product_1833,General,34
1834,product_1834,General,35
1835,product_1835,General,36
1836,product_1836,Electronics,37
1837,product_1837,General,38
1838,product_1838,General,39
1839,product_1839,General,40
1840,product_1840,Electronics,41
1841,product_1841,General,42
1842,product_1842,General,43
1843,product_1843,General,44
1844,product_1844,Electronics,45
1845,product_1845,General,46
1846,product_1846,General,47
1847,product_1847,General,48
1848,product_1848,Electronics,49
1849,product_1849,General,50
1850,product_1850,General,51
1851,product_1851,General,52
1852,product_1852,Electronics,53
1853,product_1853,General,54
1854,product_1854,General,55
1855,product_1855,General,56
1856,product_1856,Electronics,57
1857,product_1857,General,58
1858,product_1858,General,59
1859,product_1859,General,60
1860,product_1860,Electronics,61
1861,product_1861,General,62
1862,product_1862,General,63
1863,product_1863,General,64
1864,product_1864,Electronics,65
1865,product_1865,General,66
1866,product_1866,General,67
1867,product_1867,General,68
1868,product_1868,Electronics,69
1869,product_1869,General,70
1870,product_1870,General,71
1871,product_1871,General,72
1872,product_1872,Electronics,73
1873,product_1873,General,74
1874,product_1874,General,75
1875,product_1875,General,76
1876,product_1876,Electronics,77
1877,product_1877,General,78
1878,product_1878,General,79
1879,product_1879,General,80
1880,product_1880,Electronics,81
1881,product_1881,General,82
1882,product_1882,General,83
1883,product_1883,General,84
1884,product_1884,Electronics,85
1885,product_1885,General,86
1886,product_1886,General,87
1887,product_1887,General,88
1888,product_1888,Electronics,89
1889,product_1889,General,90
1890,product_1890,General,1
1891,product_1891,General,2
1892,product_1892,Electronics,3
1893,product_1893,General,4
1894,product_1894,General,5
1895,product_1895,General,6
1896,product_1896,Electronics,7
1897,product_1897,General,8
1898,product_1898,General,9
1899,product_1899,General,10
1900,product_1900,Electronics,11
1901,product_1901,General,12
1902,product_1902,General,13
1903,product_1903,General,14
1904,product_1904,Electronics,15
1905,product_1905,General,16
1906,product_1906,General,17
1907,product_1907,General,18
1908,product_1908,Electronics,19
1909,product_1909,General,20
1910,product_1910,General,21
1911,product_1911,General,22
1912,product_1912,Electronics,23
1913,product_1913,General,24
1914,product_1914,General,25
1915,product_1915,General,26
1916,product_1916,Electronics,27
1917,product_1917,General,28
1918,product_1918,General,29
1919,product_1919,General,30
1920,product_1920,Electronics,31
1921,product_1921,General,32
1922,product_1922,General,33
1923,product_1923,General,34
1924,product_1924,Electronics,35
1925,product_1925,General,36
1926,product_1926,General,37
1927,product_1927,General,38
1928,product_1928,Electronics,39
1929,product_1929,General,40
1930,product_1930,General,41
1931,product_1931,General,42
1932,product_1932,Electronics,43
1933,product_1933,General,44
1934,product_1934,General,45
1935,product_1935,General,46
1936,product_1936,Electronics,47
1937,product_1937,General,48
1938,product_1938,General,49
1939,product_1939,General,50
1940,product_1940,Electronics,51
1941,product_1941,General,52
1942,product_1942,General,53
1943,product_1943,General,54
1944,product_1944,Electronics,55
1945,product_1945,General,56
1946,product_1946,General,57
1947,product_1947,General,58
1948,product_1948,Electronics,59
1949,product_1949,General,60
1950,product_1950,General,61
1951,product_1951,General,62
1952,product_1952,Electronics,63
1953,product_1953,General,64
1954,product_1954,General,65
1955,product_1955,General,66
1956,product_1956,Electronics,67
1957,product_1957,General,68
1958,product_1958,General,69
1959,product_1959,General,70
1960,product_1960,Electronics,71
1961,product_1961,General,72
1962,product_1962,General,73
1963,product_1963,General,74
1964,product_1964,Electronics,75
1965,product_1965,General,76
1966,product_1966,General,77
1967,product_1967,General,78
1968,product_1968,Electronics,79
1969,product_1969,General,80
1970,product_1970,General,81
1971,product_1971,General,82
1972,product_1972,Electronics,83
1973,product_1973,General,84
1974,product_1974,General,85
1975,product_1975,General,86
1976,product_1976,Electronics,87
1977,product_1977,General,88
1978,product_1978,General,89
1979,product_1979,General,90
1980,product_1980,Electronics,1
1981,product_1981,General,2
1982,product_1982,General,3
1983,product_1983,General,4
1984,product_1984,Electronics,5
1985,product_1985,General,6
1986,product_1986,General,7
1987,product_1987,General,8
1988,product_1988,Electronics,9
1989,product_1989,General,10
1990,product_1990,General,11
1991,product_1991,General,12
1992,product_1992,Electronics,13
1993,product_1993,General,14
1994,product_1994,General,15
1995,product_1995,General,16
1996,product_1996,Electronics,17
1997,product_1997,General,18
1998,product_1998,General,19
1999,product_1999,General,20
2000,product_2000,Electronics,21
